{
  "_generated": "Generated by SweetTooth, do not edit", 
  "description": "Allows to modify the suspend/shutdown button in the status menu.", 
  "name": "Suspend Button", 
  "settings-schema": "org.gnome.shell.extensions.suspend-button", 
  "shell-version": [
    "3.10", 
    "3.12", 
    "3.14", 
    "3.16", 
    "3.18", 
    "3.20", 
    "3.22", 
    "3.24", 
    "3.26"
  ], 
  "url": "https://github.com/laserb/gnome-shell-extension-suspend-button", 
  "uuid": "suspend-button@laserb", 
  "version": 19
}