<?xml version="1.0" encoding="UTF-8"?>
<schemalist gettext-domain="gnome-shell-extensions-transmission-daemon">
  <enum id='org.gnome.shell.extensions.transmission-daemon.display'>
    <value value='0' nick='TransmissionTorrent'/>
    <value value='1' nick='TransmissionTorrentSmall'/>
  </enum>
  <schema path="/org/gnome/shell/extensions/transmission-daemon/" id="org.gnome.shell.extensions.transmission-daemon">
    <key type="s" name="host">
        <default>"localhost"</default>
        <summary>Hostname</summary>
        <description>Hostname</description>
    </key>
    <key type="i" name="port">
        <default>9091</default>
        <summary>Port</summary>
        <description>Port</description>
    </key>
    <key type="s" name="user">
        <default>""</default>
        <summary>Username</summary>
        <description>Username</description>
    </key>
    <key type="s" name="password">
        <default>""</default>
        <summary>Password</summary>
        <description>Password</description>
    </key>
    <key type="s" name="url">
        <default>"/transmission/"</default>
        <summary>RPC Url</summary>
        <description>RPC Url</description>
    </key>
    <key type="b" name="ssl">
        <default>false</default>
        <summary>Use SSL</summary>
        <description>Use SSL</description>
    </key>
    <key type="b" name="stats-torrents">
        <default>true</default>
        <summary>Show number of torrents</summary>
        <description>Show the number of torrents in the status bar</description>
    </key>
    <key type="b" name="stats-icons">
        <default>true</default>
        <summary>Show upload and download icons</summary>
        <description>Show upload and download icons in the status bar</description>
    </key>
    <key type="b" name="stats-numeric">
        <default>false</default>
        <summary>Show upload and download speed</summary>
        <description>Show upload and download speed in the status bar</description>
    </key>
    <key type="b" name="always-show">
        <default>true</default>
        <summary>Always show the indicator</summary>
        <description>Always show the indicator even if transmission is not running</description>
    </key>
    <key type="i" name="latest-filter">
        <default>0</default>
        <summary>The filter used at start</summary>
        <description>The filter used at start</description>
    </key>
    <key name="torrents-display" enum="org.gnome.shell.extensions.transmission-daemon.display">
        <default>'TransmissionTorrent'</default>
        <summary>Which class to use to display the torrents</summary>
    </key>
  </schema>
</schemalist>
