{
  "_generated": "Generated by SweetTooth, do not edit", 
  "description": "Allow keyboard selection of windows and workspaces in overlay mode. <Ctrl>number selects a workspace, and <Alt>number selects a window.", 
  "extension-id": "windowsNavigator", 
  "gettext-domain": "gnome-shell-extensions", 
  "name": "windowNavigator", 
  "original-author": "zaspire@rambler.ru", 
  "settings-schema": "org.gnome.shell.extensions.windowsNavigator", 
  "shell-version": [
    "3.26"
  ], 
  "url": "http://git.gnome.org/gnome-shell-extensions", 
  "uuid": "windowsNavigator@gnome-shell-extensions.gcampax.github.com", 
  "version": 39
}