{
  "_generated": "Generated by SweetTooth, do not edit", 
  "description": "Drop down terminal toggled by a keystroke (the key above tab by default) for advanced users.", 
  "id": "drop-down-terminal", 
  "name": "Drop Down Terminal", 
  "shell-version": [
    "3.14", 
    "3.16", 
    "3.18", 
    "3.20", 
    "3.19.91", 
    "3.19.92", 
    "3.22", 
    "3.21.2", 
    "3.21.3", 
    "3.21.1", 
    "3.21.4"
  ], 
  "url": "https://github.com/zzrough/gs-extensions-drop-down-terminal", 
  "uuid": "drop-down-terminal@gs-extensions.zzrough.org", 
  "version": 23
}