{
  "_generated": "Generated by SweetTooth, do not edit", 
  "description": "Hides the Activities button from the status bar (the hot corner and keyboard shortcut keeps working). To disable top left hot corner use 'No Topleft Hot Corner' extension \u2014 https://extensions.gnome.org/extension/118/no-topleft-hot-corner/ .", 
  "name": "Hide Activities Button", 
  "shell-version": [
    "3.10", 
    "3.12", 
    "3.14", 
    "3.16", 
    "3.18", 
    "3.20", 
    "3.22"
  ], 
  "url": "", 
  "uuid": "Hide_Activities@shay.shayel.org", 
  "version": 5
}