{
  "_generated": "Generated by SweetTooth, do not edit", 
  "description": "Want the nifty Gnome 3.26 dynamic panel on all Gnome versions and with more customization? This extension will fade your top panel to nothingness when there are no maximized windows present! Never again will the panel be abruptly darkened.\n\nMay be incompatible with some extensions that make extensive changes to the panel.\n\nv21+ are part of a major rewrite, if any bugs occur please report them on the website below.\n\nIf your theme isn't working correctly with this extension enable 'Remove Excessive Panel Styling' in the Background section of preferences.\n\nv27 is a legacy update for Gnome 3.14-3.22.2\nv26/v25 is for Gnome 3.22.3+\n\nNew in v26/v27\n- Adds Serbian translations\n- Fixes issues with settings updating after changes\n- Fixes issues with some themes\n\nGeneral Features:\n- Theme detection (works with 99% of all themes). \n- Per-app customization (panel color, opacity)\n- Configurable text and panel coloring\n- Configurable text and icon shadowing\n- Customizable transition times\n- Window tracking with support for shortcuts", 
  "gettext-domain": "dynamic-panel-transparency", 
  "name": "Dynamic Panel Transparency", 
  "settings-schema": "org.gnome.shell.extensions.dynamic-panel-transparency", 
  "shell-version": [
    "3.24", 
    "3.26", 
    "3.22.3"
  ], 
  "url": "http://evanwelsh.com/dynamic-panel-transparency/", 
  "uuid": "dynamic-panel-transparency@rockon999.github.io", 
  "version": 26
}